Player,Playing_Role,batting_rating,bowling_rating,form_rating
Ruturaj Gaikwad,batsman,43.15466666666667,60.0,51.577333333333335
Shivam Dube,allrounder,46.86266666666668,6.518181818181814,26.690424242424246
Ambati Rayudu,batsman,28.700000000000003,60.0,44.35
Devon Conway,batsman,62.16933333333334,60.0,61.08466666666667
Moeen Ali,allrounder,123.71066666666668,21.122068965517247,72.41636781609196
MS Dhoni,batsman,56.19466666666666,60.0,58.09733333333333
Ravindra Jadeja,allrounder,47.63533333333333,30.03870967741936,38.83702150537634
Dwaine Pretorius,allrounder,56.82333333333333,0.0,28.411666666666665
Jagadeesan Narayan,batsman,0.0,60.0,30.0
Dwayne Bravo,allrounder,43.916,26.4748051948052,35.1954025974026
Mitchell Santner,allrounder,43.593333333333334,34.28634146341464,38.93983739837398
Chris Jordan,allrounder,44.27866666666667,24.424186046511625,34.35142635658915
Maheesh Theekshana,bowler,0.0,32.91428571428572,16.45714285714286
Simarjeet Singh,bowler,0.0,60.0,30.0
Mukesh Choudhary,bowler,0.0,60.0,30.0
Prashant Solanki,bowler,0.0,60.0,30.0
Matheesha Pathirana,bowler,0.0,0.0,0.0
Tushar Deshpande,bowler,0.0,60.0,30.0
David Warner,batsman,57.41666666666667,60.0,58.708333333333336
Rishabh Pant,batsman,47.202,60.0,53.601
Prithvi Shaw,batsman,0.0,60.0,30.0
Mitchell Marsh,allrounder,51.482,22.32260869565217,36.90230434782609
Rovman Powell,batsman,49.956,60.0,54.978
Axar Patel,allrounder,53.92466666666667,29.350769230769227,41.63771794871795
Lalit Yadav,allrounder,0.0,60.0,30.0
Shardul Thakur,allrounder,62.221333333333334,25.724999999999998,43.973166666666664
Sarfaraz Khan,batsman,0.0,60.0,30.0
Kuldeep Yadav,bowler,0.0,44.995555555555555,22.497777777777777
Mandeep Singh,batsman,57.88133333333334,60.0,58.94066666666667
Srikar Bharat,batsman,0.0,60.0,30.0
Ripal Patel,allrounder,0.0,60.0,30.0
Mustafizur Rahman,bowler,0.0,33.39,16.695
Anrich Nortje,bowler,0.0,36.03,18.015
Khaleel Ahmed,bowler,0.0,20.948571428571427,10.474285714285713
Chetan Sakariya,bowler,0.0,19.380000000000003,9.690000000000001
Hardik Pandya,allrounder,53.164,24.718421052631577,38.941210526315786
Shubman Gill,batsman,68.392,60.0,64.196
David Miller,batsman,59.284000000000006,60.0,59.642
Wriddhiman Saha,batsman,0.0,60.0,30.0
Rahul Tewatia,allrounder,0.0,60.0,30.0
Matthew Wade,batsman,50.108666666666664,60.0,55.05433333333333
Sai Sudharsan,batsman,0.0,60.0,30.0
Abhinav Manohar,batsman,0.0,60.0,30.0
Rashid Khan,allrounder,43.456,47.165454545454544,45.31072727272728
Vijay Shankar,allrounder,52.31266666666667,17.900000000000002,35.10633333333334
Lockie Ferguson,bowler,0.0,35.086451612903225,17.543225806451613
Alzarri Joseph,bowler,0.0,39.18,19.59
Pradeep Sangwan,bowler,0.0,60.0,30.0
Mohammad Shami,bowler,0.0,22.012173913043483,11.006086956521742
Yash Dayal,bowler,0.0,60.0,30.0
Sai Kishore,bowler,0.0,60.0,30.0
Varun Aaron,bowler,0.0,60.0,30.0
Darshan Nalkande,bowler,0.0,60.0,30.0
Shreyas Iyer,batsman,54.66933333333333,60.0,57.334666666666664
Nitish Rana,batsman,19.316000000000003,60.0,39.658
Andre Russell,allrounder,53.3,15.306428571428574,34.30321428571428
Venkatesh Iyer,allrounder,63.20333333333333,0.0,31.601666666666667
Rinku Singh,batsman,0.0,60.0,30.0
Sam Billings,batsman,44.87933333333333,60.0,52.43966666666667
Ajinkya Rahane,batsman,42.70866666666667,60.0,51.35433333333334
Sunil Narine,allrounder,36.14999999999999,39.798367346938775,37.97418367346938
Pat Cummins,allrounder,38.708666666666666,32.22,35.46433333333333
Umesh Yadav,bowler,0.0,24.02,12.01
Tim Seifert,batsman,48.73933333333334,60.0,54.369666666666674
Sheldon Jackson,batsman,0.0,60.0,30.0
B Indrajith,batsman,0.0,60.0,30.0
Varun Chakaravarthy,bowler,0.0,29.78,14.89
Rasikh Salam,bowler,0.0,60.0,30.0
Abhijeet Tomar,batsman,0.0,60.0,30.0
Shivam Mavi,allrounder,49.882666666666665,24.760000000000005,37.321333333333335
Harshit Rana,bowler,0.0,60.0,30.0
Tim Southee,bowler,0.0,30.366923076923076,15.183461538461538
Anukul Roy,bowler,0.0,60.0,30.0
K L Rahul,batsman,59.751333333333335,60.0,59.87566666666667
Quinton De Kock,batsman,55.42266666666667,60.0,57.711333333333336
Deepak Hooda,allrounder,57.65533333333334,42.45,50.05266666666667
Krunal Pandya,allrounder,49.688,23.1821052631579,36.435052631578955
Ayush Badoni,allrounder,0.0,60.0,30.0
Marcus Stoinis,allrounder,57.134666666666675,17.65034482758621,37.39250574712644
Manish Pandey,batsman,60.22866666666667,60.0,60.114333333333335
Evin Lewis,batsman,58.10533333333333,60.0,59.05266666666667
Jason Holder,allrounder,41.42400000000001,27.610434782608696,34.51721739130435
Dushmantha Chameera,bowler,0.0,26.46,13.23
Mohsin Khan,bowler,0.0,60.0,30.0
Avesh Khan,bowler,0.0,19.268571428571434,9.634285714285717
Manan Vohra,batsman,0.0,60.0,30.0
Karan Sharma,allrounder,0.0,60.0,30.0
Ravi Bishnoi,bowler,0.0,41.46,20.73
Krishnappa Gowtham,allrounder,0.0,60.0,30.0
Andrew Tye,bowler,0.0,30.18193548387097,15.090967741935485
Ishan Kishan,batsman,47.80266666666667,60.0,53.90133333333333
Tilak Varma,batsman,0.0,60.0,30.0
Suryakumar Yadav,batsman,74.78733333333334,60.0,67.39366666666666
Rohit Sharma,batsman,55.62533333333333,60.0,57.812666666666665
Tim David,allrounder,63.99333333333334,10.838181818181818,37.41575757575758
Dewald Brevis,allrounder,0.0,60.0,30.0
Jaydev Unadkat,bowler,0.0,28.92,14.46
Ramandeep Singh,batsman,0.0,60.0,30.0
Hrithik Shokeen,allrounder,0.0,60.0,30.0
Daniel Sams,allrounder,61.492,9.48,35.486
Sherfane Rutherford,allrounder,38.30066666666667,18.48,28.390333333333338
Anmolpreet Singh,batsman,0.0,60.0,30.0
Murugan Ashwin,bowler,0.0,60.0,30.0
Fabian Allen,allrounder,46.526,27.773793103448273,37.14989655172414
Kumar Kartikeya Singh,allrounder,0.0,60.0,30.0
Tristan Stubbs,batsman,56.908,60.0,58.454
Jasprit Bumrah,bowler,0.0,38.07661016949153,19.038305084745765
Riley Meredith,bowler,0.0,24.119999999999997,12.059999999999999
Tymal Mills,bowler,0.0,23.62615384615385,11.813076923076926
Basil Thampi,bowler,0.0,60.0,30.0
Mayank Markande,bowler,0.0,13.5,6.75
Shikhar Dhawan,batsman,50.44800000000001,60.0,55.224000000000004
Liam Livingstone,allrounder,52.79600000000001,22.650000000000002,37.723000000000006
Jonny Bairstow,batsman,53.09133333333334,60.0,56.54566666666667
Jitesh Sharma,batsman,0.0,60.0,30.0
Bhanuka Rajapaksa,batsman,50.18733333333333,60.0,55.093666666666664
Mayank Agarwal,batsman,0.0,60.0,30.0
Shahrukh Khan,batsman,0.0,60.0,30.0
Rahul Chahar,bowler,0.0,31.96,15.98
Odean Smith,allrounder,45.342666666666666,16.612173913043478,30.977420289855072
Kagiso Rabada,bowler,0.0,24.495555555555555,12.247777777777777
Rishi Dhawan,allrounder,13.333333333333334,12.0,12.666666666666668
Harpreet Brar,allrounder,0.0,60.0,30.0
Arshdeep Singh,bowler,0.0,33.253846153846155,16.626923076923077
Prabhsimran Singh,batsman,0.0,60.0,30.0
Rajangad Bawa,allrounder,0.0,60.0,30.0
Vaibhav Arora,bowler,0.0,60.0,30.0
Prerak Mankad,batsman,0.0,60.0,30.0
Nathan Ellis,bowler,0.0,66.6,33.3
Sandeep Sharma,bowler,0.0,4.920000000000002,2.460000000000001
Faf Du Plessis,batsman,57.15533333333333,60.0,58.577666666666666
Virat Kohli,batsman,68.436,60.0,64.218
Rajat Patidar,batsman,0.0,60.0,30.0
Dinesh Karthik,batsman,53.86,60.0,56.93
Glenn Maxwell,allrounder,57.30733333333333,24.10363636363636,40.70548484848484
Shahbaz Ahmed,allrounder,0.0,60.0,30.0
Anuj Rawat,batsman,0.0,60.0,30.0
Mahipal Lomror,allrounder,0.0,60.0,30.0
Suyash S Prabhudessai,batsman,0.0,60.0,30.0
Harshal Patel,allrounder,43.72200000000001,23.045,33.383500000000005
Wanindu Hasaranga,allrounder,40.63133333333333,44.38867924528302,42.51000628930818
Mohammed Siraj,bowler,0.0,25.485000000000003,12.742500000000001
Josh Hazlewood,bowler,0.0,35.07951219512195,17.539756097560975
David Willey,allrounder,43.879333333333335,29.310697674418606,36.59501550387597
Akash Deep,bowler,0.0,60.0,30.0
Jos Buttler,batsman,59.289333333333346,60.0,59.64466666666667
Sanju Samson,batsman,47.716666666666676,60.0,53.858333333333334
Devdutt Padikkal,batsman,38.06666666666667,60.0,49.03333333333333
Shimron Hetmyer,batsman,44.160666666666664,60.0,52.08033333333333
Yashasvi Jaiswal,batsman,0.0,60.0,30.0
Ravichandran Ashwin,allrounder,46.44066666666667,35.15538461538462,40.798025641025646
Riyan Parag,allrounder,0.0,60.0,30.0
Trent Boult,bowler,0.0,33.02181818181818,16.51090909090909
Daryl Mitchell,allrounder,54.058,12.119999999999997,33.089
James Neesham,allrounder,55.882000000000005,14.594999999999995,35.2385
Rassie van der Dussen,batsman,55.928,60.0,57.964
Karun Nair,batsman,0.0,60.0,30.0
Obed McCoy,bowler,0.0,31.58307692307692,15.79153846153846
Prasidh Krishna,bowler,0.0,60.0,30.0
Yuzvendra Chahal,bowler,0.0,29.605945945945944,14.802972972972972
Navdeep Saini,bowler,0.0,38.70666666666666,19.35333333333333
Nathan Coulter-Nile,bowler,0.0,29.268888888888892,14.634444444444446
Kuldeep Sen,bowler,0.0,60.0,30.0
Abhishek Sharma,allrounder,0.0,60.0,30.0
Rahul Tripathi,batsman,50.248000000000005,60.0,55.124
Aiden Markram,allrounder,62.32666666666667,24.650000000000002,43.48833333333334
Nicholas Pooran,batsman,49.69333333333334,60.0,54.84666666666667
Kane Williamson,batsman,52.75066666666667,60.0,56.37533333333333
Washington Sundar,allrounder,47.18266666666668,29.801818181818177,38.49224242424243
Shashank Singh,batsman,0.0,60.0,30.0
Romario Shepherd,allrounder,63.45866666666667,12.690000000000001,38.074333333333335
Priyam Garg,batsman,0.0,60.0,30.0
Bhuvneshwar Kumar,bowler,0.0,33.93767441860466,16.96883720930233
Shreyas Gopal,allrounder,0.0,60.0,30.0
Marco Jansen,allrounder,26.024,18.0,22.012
Sean Abbott,allrounder,31.766666666666666,19.01333333333333,25.389999999999997
Kartik Tyagi,bowler,0.0,60.0,30.0
Abdul Samad,allrounder,0.0,60.0,30.0
Umran Malik,bowler,0.0,17.685,8.8425
Fazalhaq Farooqi,bowler,0.0,60.0,30.0
Jagadeesha Suchith,allrounder,0.0,60.0,30.0
T Natarajan,bowler,0.0,40.53,20.265
