venue,avg_first_innings_score,highest_score,lowest_score,run_rate_avg,avg_second_innings_score,avg_wickets_lost_1st,avg_wickets_lost_2nd,pace_vs_spin_ratio,bat_first_win_pct,chase_win_pct,toss_win_pct,month,season,day_night
Arun Jaitley Stadium,168.28571428571428,219,115,8.262344605350883,155.0,327.35714285714283,286.57142857142856,0.9998837749883775,0.42857142857142855,0.5714285714285714,1.0,4,summer,0.0
"Arun Jaitley Stadium, Delhi",200.34782608695653,278,127,9.51045515357323,182.7391304347826,301.5217391304348,310.8695652173913,0.9999290226417773,0.21739130434782608,0.782608695652174,1.0,4,summer,0.0
Barabati Stadium,167.71428571428572,231,126,8.22343344881646,157.71428571428572,278.7142857142857,268.85714285714283,0.9997391757955139,0.2857142857142857,0.7142857142857143,1.0,5,summer,0.0
"Barsapara Cricket Stadium, Guwahati",174.6,199,144,8.396298309951991,161.6,310.4,351.4,0.9996978851963746,0.2,0.8,1.0,4,summer,0.0
"Bharat Ratna Shri Atal Bihari Vajpayee Ekana Cricket Stadium, Lucknow",175.36363636363637,235,121,8.400882185833416,166.0,317.22727272727275,268.23809523809524,0.9999207167208436,0.2727272727272727,0.7272727272727273,1.0,4,summer,0.0
Brabourne Stadium,180.4,212,151,8.656414959926709,167.7,250.6,327.7,0.9998271092669433,0.6,0.4,1.0,5,summer,0.0
"Brabourne Stadium, Mumbai",177.41176470588235,217,68,8.562006990044262,165.1764705882353,317.88235294117646,286.11764705882354,0.9999026195345214,0.17647058823529413,0.8235294117647058,1.0,4,summer,0.0
Buffalo Park,147.33333333333334,178,116,7.004789475757217,119.0,331.3333333333333,269.6666666666667,0.9994456762749445,1.0,0.0,1.0,5,summer,0.0
De Beers Diamond Oval,158.0,168,140,7.726883620105677,141.0,331.0,350.0,0.9995107632093934,0.6666666666666666,0.3333333333333333,1.0,5,summer,0.0
Dr DY Patil Sports Academy,146.64705882352942,187,82,7.132450722853788,136.2941176470588,403.05882352941177,264.2352941176471,0.9999118554429264,0.4117647058823529,0.5882352941176471,1.0,4,summer,0.0
"Dr DY Patil Sports Academy, Mumbai",170.7,216,128,8.178034215961903,157.95,310.15,334.25,0.9999224144619443,0.15,0.85,1.0,4,summer,0.0
Dr. Y.S. Rajasekhara Reddy ACA-VDCA Cricket Stadium,157.46153846153845,206,121,7.637676257846703,130.69230769230768,282.15384615384613,266.0,0.9998596885084888,0.38461538461538464,0.6153846153846154,1.0,5,summer,0.0
"Dr. Y.S. Rajasekhara Reddy ACA-VDCA Cricket Stadium, Visakhapatnam",208.75,272,163,9.863303479953505,178.5,326.75,400.5,0.9996563573883162,0.75,0.25,1.0,3,summer,0.0
Dubai International Cricket Stadium,163.7608695652174,219,110,7.891692886576822,149.08695652173913,287.54347826086956,303.69565217391306,0.9999632528570903,0.41304347826086957,0.5869565217391305,1.0,10,winter,0.0
Eden Gardens,160.1818181818182,232,81,7.8690848524794585,147.06493506493507,288.7142857142857,272.2857142857143,0.9999768507801287,0.36363636363636365,0.6363636363636364,1.0,4,summer,0.0
"Eden Gardens, Kolkata",196.7826086956522,261,149,9.452132706050477,175.65217391304347,317.82608695652175,314.4347826086956,0.9999312383964795,0.21739130434782608,0.782608695652174,1.0,4,summer,0.0
Feroz Shah Kotla,161.63333333333333,231,56,7.922272914477273,147.84745762711864,300.8,283.66101694915255,0.9999712519764267,0.43333333333333335,0.5666666666666667,1.0,4,summer,0.0
Green Park,161.25,195,124,7.868498086386003,163.25,345.25,285.75,0.9996039603960396,0.0,1.0,1.0,5,summer,0.0
Himachal Pradesh Cricket Association Stadium,175.66666666666666,232,120,8.49780772027261,146.22222222222223,227.11111111111111,314.44444444444446,0.9997948717948718,0.1111111111111111,0.8888888888888888,1.0,5,summer,0.0
"Himachal Pradesh Cricket Association Stadium, Dharamsala",194.33333333333334,241,122,10.246272715910512,181.2,267.8333333333333,411.4,0.9997271487039563,0.16666666666666666,0.8333333333333334,1.0,5,summer,0.0
Holkar Cricket Stadium,160.33333333333334,245,88,7.899285167593523,158.77777777777777,320.6666666666667,184.33333333333334,0.9997800263968324,0.1111111111111111,0.8888888888888888,1.0,5,summer,0.0
JSCA International Stadium Complex,149.0,185,115,7.507194837066147,144.71428571428572,242.28571428571428,268.42857142857144,0.9997203579418344,0.42857142857142855,0.5714285714285714,1.0,5,summer,0.0
Kingsmead,152.0,211,101,7.360374158389293,138.2,340.06666666666666,304.4,0.9998965659908978,0.6666666666666666,0.3333333333333333,1.0,5,summer,0.0
M Chinnaswamy Stadium,168.06153846153848,263,89,8.381346931624282,145.515625,271.5076923076923,281.40625,0.9999719620927494,0.12307692307692308,0.8769230769230769,1.0,5,summer,0.0
"M Chinnaswamy Stadium, Bengaluru",189.05263157894737,287,95,9.119501328184924,179.8421052631579,294.89473684210526,334.2105263157895,0.9999163459929731,0.0,1.0,1.0,4,summer,0.0
M.Chinnaswamy Stadium,173.93333333333334,218,62,9.038798683055917,167.86666666666667,278.8,296.3333333333333,0.9998840982846546,0.06666666666666667,0.9333333333333333,1.0,4,summer,0.0
MA Chidambaram Stadium,150.55555555555554,202,70,7.355779638259575,134.22222222222223,329.77777777777777,297.1111111111111,0.9998227892964735,0.2222222222222222,0.7777777777777778,1.0,4,summer,0.0
"MA Chidambaram Stadium, Chepauk",166.02083333333334,246,112,8.007329525194438,151.85416666666666,266.5208333333333,300.2916666666667,0.9999632569077014,0.7083333333333334,0.2916666666666667,1.0,4,summer,0.0
"MA Chidambaram Stadium, Chepauk, Chennai",164.35294117647058,217,103,7.902666855307107,151.8235294117647,332.97058823529414,293.4117647058824,0.9999530472344821,0.38235294117647056,0.6176470588235294,1.0,4,summer,0.0
"Maharaja Yadavindra Singh International Cricket Stadium, Mullanpur",163.0,219,101,8.23525121272959,155.4,385.1,330.8,0.9998603351955307,0.3,0.7,1.0,4,summer,0.0
"Maharaja Yadavindra Singh International Cricket Stadium, New Chandigarh",228.0,228,228,11.032258064516128,208.0,186.0,289.0,0.9978991596638656,1.0,0.0,1.0,5,summer,0.0
Maharashtra Cricket Association Stadium,166.4090909090909,211,73,8.045761197966067,152.0909090909091,288.90909090909093,292.1818181818182,0.9999217833398514,0.09090909090909091,0.9090909090909091,1.0,4,summer,0.0
"Maharashtra Cricket Association Stadium, Pune",171.46153846153845,210,144,8.238983925183852,144.53846153846155,281.2307692307692,352.53846153846155,0.9998786407766991,0.15384615384615385,0.8461538461538461,1.0,4,summer,0.0
"Narendra Modi Stadium, Ahmedabad",186.63636363636363,243,89,8.953873581477655,170.0909090909091,290.1212121212121,299.6666666666667,0.9999486230990546,0.18181818181818182,0.8181818181818182,1.0,5,summer,0.0
Nehru Stadium,146.8,161,129,7.312802977667493,125.8,281.4,311.6,0.9996628455832771,0.4,0.6,1.0,4,summer,0.0
New Wanderers Stadium,144.0,163,123,6.949994996164361,142.5,361.5,253.875,0.9997969130787977,0.25,0.75,1.0,5,summer,0.0
Newlands,139.42857142857142,184,101,7.258316309137265,112.57142857142857,345.42857142857144,328.2857142857143,0.9997880457821111,0.5714285714285714,0.42857142857142855,1.0,4,summer,0.0
OUTsurance Oval,135.0,150,120,6.463677927355855,129.5,338.5,409.0,0.9993315508021391,0.5,0.5,1.0,5,summer,0.0
Punjab Cricket Association IS Bindra Stadium,175.6,197,150,8.58398994232219,172.0,256.0,211.8,0.9997862791194699,0.1,0.9,1.0,4,summer,0.0
"Punjab Cricket Association IS Bindra Stadium, Mohali",164.0909090909091,207,67,8.026870134913963,158.1818181818182,254.27272727272728,195.9090909090909,0.9997981021603068,0.18181818181818182,0.8181818181818182,1.0,4,summer,0.0
"Punjab Cricket Association IS Bindra Stadium, Mohali, Chandigarh",197.8,257,153,9.38117909812819,173.4,251.2,342.8,0.9996634129922585,0.0,1.0,1.0,4,summer,0.0
"Punjab Cricket Association Stadium, Mohali",163.28571428571428,240,106,8.087884064559592,150.62857142857143,294.45714285714286,281.65714285714284,0.9999504091247211,0.4,0.6,1.0,5,summer,0.0
Rajiv Gandhi International Stadium,162.6,231,125,7.854596429096177,146.13333333333333,290.3333333333333,271.8666666666667,0.9998814322978421,0.3333333333333333,0.6666666666666666,1.0,4,summer,0.0
"Rajiv Gandhi International Stadium, Uppal",156.14285714285714,223,80,7.651032413737051,146.9795918367347,300.6326530612245,252.6530612244898,0.999963115963411,0.46938775510204084,0.5306122448979592,1.0,5,summer,0.0
"Rajiv Gandhi International Stadium, Uppal, Hyderabad",189.3684210526316,286,133,9.067707180538813,181.94444444444446,351.10526315789474,279.3333333333333,0.9999145299145299,0.42105263157894735,0.5789473684210527,1.0,4,summer,0.0
"Sardar Patel Stadium, Motera",163.16666666666666,201,130,7.915479349663141,149.0,293.6666666666667,275.0,0.9998537584088915,0.5,0.5,1.0,5,summer,0.0
Saurashtra Cricket Association Stadium,168.9,213,135,8.253291861496242,162.7,298.1,217.2,0.9998060888113244,0.3,0.7,1.0,4,summer,0.0
Sawai Mansingh Stadium,157.68085106382978,197,94,7.617903464240037,145.80851063829786,287.25531914893617,261.3829787234043,0.9999612207701555,0.40425531914893614,0.5957446808510638,1.0,4,summer,0.0
"Sawai Mansingh Stadium, Jaipur",187.23529411764707,219,118,8.98099000592612,171.2941176470588,257.94117647058823,228.35294117647058,0.9998790517658442,0.47058823529411764,0.5294117647058824,1.0,4,summer,0.0
Shaheed Veer Narayan Singh International Stadium,146.33333333333334,164,119,7.095905042666129,143.83333333333334,349.1666666666667,213.83333333333334,0.9997040544539805,0.5,0.5,1.0,5,summer,0.0
Sharjah Cricket Stadium,159.03571428571428,228,90,7.670192344369093,147.5,317.64285714285717,245.0,0.9999365280863218,0.2857142857142857,0.7142857142857143,1.0,10,winter,0.0
Sheikh Zayed Stadium,158.86206896551724,205,70,7.701645106945852,145.6206896551724,287.1034482758621,263.0,0.999937362981522,0.5172413793103449,0.4827586206896552,1.0,10,winter,0.0
St George's Park,159.0,187,141,7.676820260752506,131.42857142857142,233.0,354.7142857142857,0.9997569866342649,1.0,0.0,1.0,5,summer,0.0
Subrata Roy Sahara Stadium,149.4375,187,99,7.3114612000041355,133.5625,262.25,333.25,0.9998950571938293,0.9375,0.0625,1.0,5,summer,0.0
SuperSport Park,154.83333333333334,188,105,7.53586498386879,149.58333333333334,351.1666666666667,245.41666666666666,0.9998603351955307,0.5,0.5,1.0,5,summer,0.0
"Vidarbha Cricket Association Stadium, Jamtha",149.33333333333334,159,138,7.264752163650669,144.66666666666666,383.6666666666667,320.3333333333333,0.9995267392333176,0.6666666666666666,0.3333333333333333,1.0,4,summer,0.0
Wankhede Stadium,166.02739726027397,235,67,8.023329300834696,154.3835616438356,299.027397260274,310.3150684931507,0.9999775220284122,0.3013698630136986,0.6986301369863014,1.0,5,summer,0.0
"Wankhede Stadium, Mumbai",176.82692307692307,234,97,8.460393929479734,167.67307692307693,337.5192307692308,288.0576923076923,0.9999692600903753,0.15384615384615385,0.8461538461538461,1.0,4,summer,0.0
"Zayed Cricket Stadium, Abu Dhabi",159.0,235,92,7.647466009588152,150.375,329.5,251.875,0.9997850386930353,0.375,0.625,1.0,9,monsoon,0.0
